degree,total_error,time_seconds
50,49.49572696746142,0.11035585403442383
60,0.0017542123202978314,0.11465692520141602
70,1.2756240675912411e-07,0.1378190517425537
80,1.319471057519006e-07,0.15700936317443848
90,1.3194709359495849e-07,0.17429399490356445
100,1.3194709359495849e-07,0.1989760398864746
